image,category,count,exemplars
6242.jpg,apples,73,"[[128, 69, 182, 107], [228, 192, 297, 234], [134, 148, 197, 186]]"
6735.jpg,markers,73,"[[219, 282, 240, 311], [120, 126, 157, 162], [219, 213, 277, 242]]"
2147.jpg,apples,37,"[[122, 133, 222, 231], [38, 2, 148, 109], [234, 93, 324, 177]]"
4920.jpg,strawberries,20,"[[173, 304, 294, 335], [161, 246, 227, 268], [197, 226, 286, 250]]"
7339.jpg,markers,104,"[[251, 124, 299, 162], [249, 235, 285, 282], [368, 148, 416, 186]]"
7131.jpg,keyboard keys,123,"[[295, 113, 327, 140], [117, 57, 147, 84], [292, 235, 326, 269]]"
6283.jpg,apples,21,"[[449, 75, 573, 188], [225, 73, 365, 193], [377, 232, 567, 379]]"
5458.jpg,green peas,25,"[[269, 220, 314, 260], [203, 158, 247, 190], [89, 126, 132, 161]]"
7095.jpg,sauce bottles,50,"[[329, 213, 358, 328], [41, 213, 82, 332], [146, 79, 180, 194]]"
5848.jpg,strawberries,21,"[[453, 17, 564, 159], [104, 127, 239, 251], [448, 172, 557, 289]]"
4290.jpg,green peas,25,"[[145, 97, 179, 126], [238, 126, 274, 161], [268, 220, 317, 258]]"
7263.jpg,stamps,43,"[[281, 111, 320, 150], [288, 308, 331, 345], [53, 188, 96, 228]]"
319.jpg,strawberries,12,"[[396, 229, 467, 290], [118, 100, 205, 180], [235, 174, 308, 227]]"
4969.jpg,tree logs,109,"[[290, 198, 320, 221], [163, 226, 211, 258], [141, 118, 183, 146]]"
320.jpg,strawberries,16,"[[363, 267, 449, 354], [197, 225, 280, 340], [139, 109, 219, 207]]"
2615.jpg,deers,9,"[[356, 71, 412, 134], [126, 206, 324, 382], [169, 108, 299, 196]]"
4900.jpg,strawberries,14,"[[152, 236, 252, 299], [329, 173, 405, 251], [344, 76, 403, 141]]"
7488.jpg,carrom board pieces,19,"[[258, 205, 321, 234], [458, 229, 524, 265], [328, 264, 406, 304]]"
3276.jpg,finger foods,18,"[[186, 196, 301, 310], [317, 198, 426, 290], [133, 137, 226, 210]]"
5511.jpg,green peas,18,"[[213, 118, 250, 158], [318, 109, 354, 154], [257, 236, 290, 270]]"
290.jpg,strawberries,13,"[[48, 191, 147, 299], [172, 275, 257, 354], [294, 171, 373, 255]]"
2241.jpg,apples,25,"[[69, 86, 167, 177], [92, 31, 193, 104], [172, 142, 290, 246]]"
5791.jpg,cashew nuts,35,"[[179, 176, 245, 251], [314, 201, 378, 318], [280, 79, 384, 170]]"
7067.jpg,sticky notes,53,"[[277, 288, 329, 338], [621, 220, 676, 265], [356, 38, 410, 86]]"
7645.jpg,sauce bottles,14,"[[312, 2, 388, 130], [466, 216, 541, 370], [238, 219, 314, 371]]"
2910.jpg,stamps,14,"[[703, 202, 862, 378], [708, 11, 859, 187], [352, 5, 505, 185]]"
5839.jpg,strawberries,45,"[[318, 166, 381, 240], [161, 57, 268, 145], [88, 150, 205, 234]]"
6839.jpg,watches,58,"[[769, 181, 851, 261], [516, 178, 591, 255], [680, 173, 756, 241]]"
5572.jpg,marbles,9,"[[427, 138, 531, 245], [271, 156, 359, 237], [205, 12, 300, 111]]"
4085.jpg,marbles,86,"[[250, 122, 287, 158], [304, 264, 342, 303], [210, 209, 246, 243]]"
7598.jpg,sheep,31,"[[150, 241, 203, 297], [536, 173, 573, 233], [353, 257, 400, 306]]"
6892.jpg,stamps,54,"[[9, 241, 82, 282], [155, 97, 205, 140], [220, 227, 288, 283]]"
7412.jpg,sheep,36,"[[224, 180, 246, 192], [285, 198, 299, 226], [298, 90, 319, 121]]"
4923.jpg,strawberries,31,"[[208, 73, 266, 129], [426, 83, 477, 137], [281, 158, 345, 224]]"
2209.jpg,apples,11,"[[401, 7, 556, 163], [32, 74, 160, 216], [132, 194, 300, 341]]"
7581.jpg,comic books,30,"[[264, 307, 325, 364], [84, 106, 149, 169], [201, 174, 261, 236]]"
2.jpg,sea shells,8,"[[291, 234, 374, 312], [388, 228, 472, 311], [500, 228, 580, 312]]"
2612.jpg,deers,28,"[[372, 207, 420, 242], [71, 212, 121, 264], [588, 150, 614, 173]]"
6270.jpg,apples,92,"[[500, 118, 536, 143], [227, 136, 256, 165], [580, 87, 616, 125]]"
1061.jpg,sheep,22,"[[205, 269, 244, 357], [58, 280, 139, 370], [298, 253, 346, 353]]"
7173.jpg,eggs,48,"[[265, 140, 316, 188], [140, 84, 188, 127], [391, 246, 448, 301]]"
5797.jpg,cashew nuts,58,"[[237, 113, 294, 148], [297, 123, 346, 172], [163, 112, 222, 154]]"
4885.jpg,strawberries,11,"[[40, 125, 105, 158], [338, 128, 389, 176], [177, 202, 224, 244]]"
5593.jpg,marbles,23,"[[367, 141, 433, 204], [195, 142, 256, 203], [133, 188, 203, 260]]"
2210.jpg,apples,41,"[[153, 128, 273, 238], [359, 185, 486, 287], [12, 20, 110, 126]]"
3694.jpg,candy pieces,34,"[[218, 228, 308, 309], [250, 65, 324, 151], [78, 116, 170, 207]]"
7693.jpg,apples,81,"[[274, 252, 315, 295], [275, 160, 312, 196], [157, 3, 192, 41]]"
4298.jpg,green peas,44,"[[186, 139, 259, 214], [287, 178, 359, 260], [109, 52, 174, 126]]"
4874.jpg,strawberries,68,"[[433, 54, 491, 116], [220, 106, 302, 170], [376, 212, 454, 283]]"
325.jpg,strawberries,33,"[[109, 158, 257, 261], [212, 64, 330, 172], [104, 16, 208, 140]]"
7542.jpg,sauce bottles,43,"[[414, 289, 447, 381], [155, 161, 189, 264], [349, 7, 388, 118]]"
6922.jpg,comic books,70,"[[478, 234, 526, 303], [88, 233, 128, 302], [301, 158, 348, 225]]"
2286.jpg,apples,14,"[[137, 153, 359, 269], [234, 69, 438, 190], [57, 66, 219, 173]]"
2260.jpg,apples,11,"[[296, 45, 355, 102], [213, 20, 289, 104], [228, 239, 310, 354]]"
5580.jpg,marbles,42,"[[243, 150, 288, 197], [161, 197, 211, 247], [317, 61, 360, 109]]"
7284.jpg,sunglasses,40,"[[86, 148, 204, 193], [225, 198, 339, 244], [366, 102, 473, 148]]"
7146.jpg,eggs,12,"[[275, 238, 331, 291], [276, 75, 347, 131], [143, 118, 201, 175]]"
2928.jpg,stamps,45,"[[168, 206, 229, 269], [204, 274, 277, 343], [78, 42, 136, 88]]"
5387.jpg,finger foods,8,"[[212, 114, 323, 234], [96, 198, 215, 332], [347, 180, 471, 319]]"
7592.jpg,keyboard keys,104,"[[217, 234, 249, 258], [245, 126, 267, 144], [111, 168, 132, 187]]"
5364.jpg,marbles,23,"[[328, 189, 389, 248], [216, 134, 275, 192], [111, 95, 166, 147]]"
298.jpg,strawberries,33,"[[184, 68, 236, 116], [307, 148, 351, 189], [256, 204, 309, 258]]"
7573.jpg,carrom board pieces,18,"[[493, 122, 583, 198], [366, 208, 462, 300], [184, 76, 277, 153]]"
5796.jpg,cashew nuts,71,"[[500, 220, 549, 293], [395, 96, 436, 153], [332, 134, 377, 206]]"
7529.jpg,keyboard keys,124,"[[489, 208, 512, 235], [37, 59, 65, 72], [201, 95, 227, 109]]"
4083.jpg,marbles,94,"[[282, 100, 341, 155], [150, 73, 206, 126], [241, 237, 300, 292]]"
7567.jpg,sauce bottles,68,"[[199, 156, 243, 238], [471, 261, 510, 324], [132, 75, 166, 134]]"
5357.jpg,marbles,12,"[[260, 142, 302, 191], [310, 158, 363, 209], [196, 207, 242, 258]]"
6906.jpg,comic books,36,"[[200, 94, 240, 159], [317, 10, 362, 77], [279, 235, 321, 299]]"
2287.jpg,apples,195,"[[328, 143, 350, 165], [473, 92, 487, 102], [112, 115, 151, 140]]"
5574.jpg,marbles,90,"[[280, 218, 301, 240], [180, 143, 200, 162], [269, 174, 289, 197]]"
910.jpg,comic books,18,"[[251, 229, 314, 299], [339, 165, 405, 217], [333, 303, 453, 368]]"
4881.jpg,strawberries,35,"[[209, 120, 272, 155], [191, 44, 289, 85], [267, 159, 352, 202]]"
5362.jpg,marbles,18,"[[211, 233, 227, 246], [229, 221, 246, 232], [105, 155, 120, 166]]"
3645.jpg,cashew nuts,60,"[[297, 123, 346, 176], [147, 174, 210, 209], [217, 54, 264, 114]]"
3657.jpg,cashew nuts,24,"[[103, 298, 183, 344], [160, 125, 205, 197], [206, 62, 267, 121]]"
3651.jpg,cashew nuts,11,"[[5, 79, 95, 175], [134, 27, 228, 151], [171, 158, 253, 279]]"
2047.jpg,sunglasses,30,"[[244, 151, 319, 176], [242, 235, 317, 253], [91, 152, 176, 180]]"
4922.jpg,strawberries,8,"[[253, 240, 339, 327], [213, 79, 284, 162], [349, 116, 442, 197]]"
7090.jpg,deers,31,"[[169, 293, 208, 367], [152, 197, 191, 252], [214, 272, 253, 321]]"
2229.jpg,apples,111,"[[120, 102, 143, 121], [113, 286, 147, 311], [37, 50, 60, 67]]"
2282.jpg,apples,47,"[[345, 227, 362, 248], [318, 302, 349, 335], [251, 246, 277, 273]]"
309.jpg,strawberries,113,"[[198, 65, 229, 116], [167, 136, 197, 165], [265, 251, 311, 304]]"
3283.jpg,finger foods,37,"[[253, 125, 283, 151], [164, 114, 202, 136], [333, 317, 389, 365]]"
2143.jpg,apples,9,"[[245, 215, 296, 268], [114, 271, 170, 328], [42, 267, 93, 321]]"
7530.jpg,deers,16,"[[57, 200, 88, 269], [332, 244, 416, 372], [434, 182, 484, 256]]"
6255.jpg,apples,49,"[[151, 183, 195, 212], [317, 223, 380, 290], [475, 212, 516, 251]]"
7442.jpg,comic books,120,"[[364, 75, 405, 109], [291, 221, 342, 269], [480, 170, 515, 201]]"
4955.jpg,tree logs,145,"[[291, 210, 324, 242], [203, 243, 252, 293], [269, 99, 327, 155]]"
7417.jpg,stamps,43,"[[269, 232, 327, 303], [142, 87, 201, 159], [405, 5, 462, 79]]"
4497.jpg,skis,14,"[[243, 88, 281, 382], [200, 51, 232, 381], [410, 105, 444, 383]]"
4283.jpg,green peas,65,"[[161, 102, 194, 126], [128, 74, 164, 98], [202, 176, 240, 203]]"
6715.jpg,stamps,36,"[[206, 6, 270, 56], [206, 331, 272, 382], [128, 202, 192, 253]]"
996.jpg,watches,18,"[[169, 33, 253, 118], [345, 133, 431, 217], [341, 271, 404, 335]]"
4954.jpg,tree logs,29,"[[227, 185, 302, 267], [202, 67, 257, 126], [402, 88, 453, 144]]"
6936.jpg,apples,111,"[[213, 250, 259, 293], [303, 63, 334, 84], [137, 197, 177, 230]]"
717.jpg,apples,20,"[[146, 127, 172, 158], [113, 157, 153, 198], [348, 257, 384, 288]]"
5846.jpg,strawberries,34,"[[86, 69, 144, 124], [199, 160, 259, 218], [266, 124, 326, 182]]"
2265.jpg,apples,57,"[[161, 75, 220, 156], [251, 138, 332, 212], [206, 188, 281, 258]]"
5591.jpg,marbles,32,"[[176, 128, 239, 173], [308, 161, 379, 210], [85, 197, 159, 244]]"
