image,category,true_count,predicted_count,error,seconds
abflussrohre.jpg,drain pipes,27,32,5,3.3682
abflussrohre-kiste.jpg,drainage pipes,5,5,0,1.4071
aepfel.jpg,apples,16,17,1,1.3766
batterien.jpg,batteries,120,136,16,4.7346
bio-zitronen.jpg,lemons,18,18,0,1.5606
bolzen.jpg,bolts,13,7,-6,1.6650
bonbons.jpg,candies,10,14,4,1.7393
buchen-rundstaebe.jpg,wooden dowels,34,38,4,4.3153
buecher.jpg,books,11,11,0,1.5349
bunte-deckel.jpg,bottle caps,92,94,2,4.5429
cents.jpg,coins,68,68,0,4.3204
chipstueten.jpg,bags of chips,16,15,-1,1.5351
colas.jpg,gummy bottles,10,11,1,2.6794
discokugeln.jpg,disco balls,10,10,0,4.3219
duschkopf-duesen.jpg,shower head nozzles,52,52,0,4.2906
einkaufskoerbe.jpg,shopping baskets,101,117,16,4.3883
energydrink-dosen.jpg,beverage cans,20,23,3,1.9588
farbmuster.jpg,paint color swatches,35,35,0,4.3452
farbrollen.jpg,paint roller sleeves,89,95,6,4.3606
files.jpg,files,17,53,36,4.3586
fleischtomaten.jpg,tomatoes,19,19,0,1.5831
gewuerzdosen.jpg,spice jars,13,14,1,1.5883
gipsbinden.jpg,plaster bandage rolls,8,10,2,1.5412
gipsplatten.jpg,drywall sheets,41,319,278,4.6426
gluehbirnen.jpg,light bulbs,8,8,0,4.4244
gulli.jpg,holes,12,8,-4,4.4771
gurtbaender.jpg,webbing straps,35,52,17,1.5497
haferflocken.jpg,oat packs,11,11,0,1.5833
handschuh-kartons.jpg,glove boxes,22,23,1,1.3501
holzduebel.jpg,wooden dowels,7,7,0,1.5469
holzkeile.jpg,wood wedges,35,48,13,2.3738
holzkloetze.jpg,wooden blocks,20,20,0,1.5712
holzklotz-abschnitte.jpg,wood blocks,26,25,-1,4.0070
holzleisten.jpg,wooden strips,17,9,-8,1.3429
holzquadrate.jpg,wood blocks,12,12,0,1.5711
holzschrauben-hand.jpg,screws,24,13,-11,2.4622
inbusschrauben.jpg,hex socket screws,18,15,-3,1.8784
kabelhuelsen.jpg,wire rope ferrules,50,50,0,4.3226
kabelrollen.jpg,power strips,7,7,0,1.5259
kaffee.jpg,coffee beans,58,60,2,4.3329
kantenumleimer.jpg,edge banding strips,12,8,-4,1.5510
karabinerhaken.jpg,carabiners,9,5,-4,1.5266
kiefer-rundstaebe.jpg,wooden dowels,14,15,1,2.3377
kunststoffrohre.jpg,plastic pipe segments,22,14,-8,1.5484
kupferfittinge.jpg,copper pipe fittings,10,9,-1,1.5779
lampenfassungen.jpg,lamp sockets,10,10,0,1.7720
latten.jpg,planks,32,31,-1,1.5503
leimflaschen.jpg,glue bottles,43,43,0,3.6239
luesterklemmen.jpg,terminal blocks,11,12,1,2.0743
luftentfeuchter-boxen.jpg,dehumidifier refill boxes,22,32,10,1.5945
mauer.jpg,bricks,257,471,214,4.3810
menschen.jpg,people,6,7,1,1.5367
mini-rundstaebe.jpg,wooden dowels,9,9,0,1.5599
muenzen.jpg,coins,22,22,0,1.6479
muenzen-stapel.jpg,coins,14,15,1,1.5332
muttern.jpg,hex nuts,10,12,2,4.3556
noppen.jpg,hexagons,63,63,0,4.3402
oesenhaken.jpg,screw hooks,10,6,-4,1.5221
pflastersteine.jpg,paving stones,145,417,272,4.4009
pillen1.jpg,pills,35,25,-10,4.3240
pillen2.jpg,pills,16,16,0,4.8632
pilze.jpg,mushrooms,40,54,14,4.3579
pizzakartons.jpg,frozen pizza boxes,7,13,6,1.5395
quadratleisten-10mm.jpg,wooden square rods,30,31,1,2.8190
quadratleisten-13mm.jpg,wooden square rods,52,63,11,4.3427
rohrmuffen.jpg,pipe couplings,17,16,-1,1.5358
rundstab-abschnitte.jpg,wooden dowels,25,25,0,1.4976
schleifschwaemme.jpg,sanding sponges,73,75,2,3.6131
schrauben.jpg,screws,19,12,-7,1.8797
schrauberbits.jpg,screwdrivers,26,32,6,3.6321
schwarze-steine.jpg,black stones,28,32,4,3.7542
sechskantschrauben.jpg,hex bolts,11,11,0,1.5081
silikonkartuschen.jpg,sealant cartridges,17,30,13,1.6786
spachtelmasse-eimer.jpg,paint buckets,8,8,0,1.5635
spezi-flaschen.jpg,soda bottles,36,38,2,2.2145
steine.jpg,stones,22,23,1,2.6259
strichliste.jpg,tally marks,31,43,12,4.3184
teleskopstangen.jpg,extension poles,36,52,16,3.3953
tomaten1.jpg,tomatoes,14,14,0,1.5865
tomaten2.jpg,tomatoes,22,23,1,2.2244
waescheklammern.jpg,clothespins,17,16,-1,1.5636
wallnuesse.jpg,walnuts,26,26,0,3.3599
weisse-farbeimer.jpg,paint buckets,10,11,1,1.5732
white-tiles.jpg,tiles,48,49,1,1.7043
zitronen.jpg,lemons,4,4,0,1.5541
